{
    "__comment": "Model generated using MrCrayfish's Model Creator (http://mrcrayfish.com/modelcreator/)",
    "textures": {
        "particle": "gemmary:blocks/atom_combiner_side",
        "0": "gemmary:blocks/atom_combiner_front",
        "1": "gemmary:blocks/atom_combiner_side",
        "2": "gemmary:blocks/atom_combiner_rods",
        "3": "gemmary:blocks/atom_combiner_electric",
        "4": "gemmary:blocks/atom_combiner_atoms"
    },
    "elements": [
        {
            "name": "Cube",
            "from": [ 5.0, 0.0, 5.0 ], 
            "to": [ 11.0, 6.0, 11.0 ], 
            "faces": {
                "north": { "texture": "#0", "uv": [ 0.0, 0.0, 16.0, 16.0 ] },
                "east": { "texture": "#1", "uv": [ 0.0, 0.0, 16.0, 16.0 ] },
                "south": { "texture": "#1", "uv": [ 0.0, 0.0, 16.0, 16.0 ] },
                "west": { "texture": "#1", "uv": [ 0.0, 0.0, 16.0, 16.0 ] },
                "up": { "texture": "#1", "uv": [ 0.0, 0.0, 16.0, 16.0 ] },
                "down": { "texture": "#1", "uv": [ 0.0, 0.0, 16.0, 16.0 ] }
            }
        },
        {
            "name": "Cube2",
            "from": [ 4.0, 2.0, 7.5 ], 
            "to": [ 5.0, 9.0, 8.5 ], 
            "faces": {
                "north": { "texture": "#2", "uv": [ 14.0, 0.0, 16.0, 16.0 ] },
                "east": { "texture": "#2", "uv": [ 14.0, 0.0, 16.0, 16.0 ] },
                "south": { "texture": "#2", "uv": [ 14.0, 0.0, 16.0, 16.0 ] },
                "west": { "texture": "#2", "uv": [ 14.0, 0.0, 16.0, 16.0 ] },
                "up": { "texture": "#2", "uv": [ 14.0, 0.0, 16.0, 3.0 ] },
                "down": { "texture": "#2", "uv": [ 14.0, 1.0, 16.0, 4.0 ] }
            }
        },
        {
            "name": "Cube3",
            "from": [ 11.0, 2.0, 7.5 ], 
            "to": [ 12.0, 9.0, 8.5 ], 
            "faces": {
                "north": { "texture": "#2", "uv": [ 14.0, 0.0, 16.0, 16.0 ] },
                "east": { "texture": "#2", "uv": [ 14.0, 0.0, 16.0, 16.0 ] },
                "south": { "texture": "#2", "uv": [ 14.0, 0.0, 16.0, 16.0 ] },
                "west": { "texture": "#2", "uv": [ 14.0, 0.0, 16.0, 16.0 ] },
                "up": { "texture": "#2", "uv": [ 14.0, 0.0, 16.0, 3.0 ] },
                "down": { "texture": "#2", "uv": [ 14.0, 0.0, 16.0, 3.0 ] }
            }
        },
        {
            "name": "Cube4",
            "from": [ 7.5, 2.0, 11.0 ], 
            "to": [ 8.5, 9.0, 12.0 ], 
            "faces": {
                "north": { "texture": "#2", "uv": [ 14.0, 0.0, 16.0, 16.0 ] },
                "east": { "texture": "#2", "uv": [ 14.0, 0.0, 16.0, 16.0 ] },
                "south": { "texture": "#2", "uv": [ 14.0, 0.0, 16.0, 16.0 ] },
                "west": { "texture": "#2", "uv": [ 14.0, 0.0, 16.0, 16.0 ] },
                "up": { "texture": "#2", "uv": [ 14.0, 0.0, 16.0, 3.0 ] },
                "down": { "texture": "#2", "uv": [ 14.0, 13.0, 16.0, 16.0 ] }
            }
        },
        {
            "name": "Cube5",
            "from": [ 7.5, 4.0, 7.5 ], 
            "to": [ 8.5, 13.0, 8.5 ], 
            "faces": {
                "north": { "texture": "#2", "uv": [ 14.0, 0.0, 16.0, 16.0 ] },
                "east": { "texture": "#2", "uv": [ 14.0, 0.0, 16.0, 16.0 ] },
                "south": { "texture": "#2", "uv": [ 14.0, 0.0, 16.0, 16.0 ] },
                "west": { "texture": "#2", "uv": [ 14.0, 0.0, 16.0, 16.0 ] },
                "up": { "texture": "#2", "uv": [ 14.0, 0.0, 16.0, 3.0 ] },
                "down": { "texture": "#2", "uv": [ 14.0, 10.0, 16.0, 13.0 ] }
            }
        },
        {
            "name": "Cube6",
            "from": [ 6.0, 13.0, 7.5 ], 
            "to": [ 10.0, 14.0, 8.5 ], 
            "faces": {
                "north": { "texture": "#2", "uv": [ 3.0, 12.0, 13.0, 14.0 ] },
                "east": { "texture": "#2", "uv": [ 3.0, 12.0, 6.0, 14.0 ] },
                "south": { "texture": "#2", "uv": [ 3.0, 12.0, 13.0, 14.0 ] },
                "west": { "texture": "#2", "uv": [ 3.0, 12.0, 7.0, 14.0 ] },
                "up": { "texture": "#2", "uv": [ 3.0, 12.0, 13.0, 14.0 ] },
                "down": { "texture": "#2", "uv": [ 3.0, 12.0, 13.0, 14.0 ] }
            }
        },
        {
            "name": "Cube7",
            "from": [ 5.0, 14.0, 7.5 ], 
            "to": [ 6.0, 17.0, 8.5 ], 
            "faces": {
                "north": { "texture": "#2", "uv": [ 14.0, 0.0, 16.0, 16.0 ] },
                "east": { "texture": "#2", "uv": [ 14.0, 0.0, 16.0, 16.0 ] },
                "south": { "texture": "#2", "uv": [ 14.0, 0.0, 16.0, 16.0 ] },
                "west": { "texture": "#2", "uv": [ 14.0, 0.0, 16.0, 16.0 ] },
                "up": { "texture": "#2", "uv": [ 14.0, 0.0, 16.0, 3.0 ] },
                "down": { "texture": "#2", "uv": [ 14.0, 9.0, 16.0, 12.0 ] }
            }
        },
        {
            "name": "Cube8",
            "from": [ 10.0, 14.0, 7.5 ], 
            "to": [ 11.0, 17.0, 8.5 ], 
            "faces": {
                "north": { "texture": "#2", "uv": [ 14.0, 0.0, 16.0, 16.0 ] },
                "east": { "texture": "#2", "uv": [ 14.0, 0.0, 16.0, 16.0 ] },
                "south": { "texture": "#2", "uv": [ 14.0, 0.0, 16.0, 16.0 ] },
                "west": { "texture": "#2", "uv": [ 14.0, 0.0, 16.0, 16.0 ] },
                "up": { "texture": "#2", "uv": [ 14.0, 0.0, 16.0, 3.0 ] },
                "down": { "texture": "#2", "uv": [ 14.0, 0.0, 16.0, 3.0 ] }
            }
        },
        {
            "name": "Cube9",
            "from": [ 15.0, 0.0, 7.5 ], 
            "to": [ 16.0, 20.0, 8.5 ], 
            "faces": {
                "north": { "texture": "#2", "uv": [ 0.0, 0.0, 2.0, 20.0 ] },
                "east": { "texture": "#2", "uv": [ 0.0, 0.0, 2.0, 20.0 ] },
                "south": { "texture": "#2", "uv": [ 0.0, 0.0, 2.0, 20.0 ] },
                "west": { "texture": "#2", "uv": [ 0.0, 0.0, 2.0, 20.0 ] },
                "up": { "texture": "#2", "uv": [ 0.0, 0.0, 2.0, 2.0 ] },
                "down": { "texture": "#2", "uv": [ 0.0, 0.0, 2.0, 2.0 ] }
            }
        },
        {
            "name": "Cube10",
            "from": [ 0.0, 0.0, 7.5 ], 
            "to": [ 1.0, 20.0, 8.5 ], 
            "faces": {
                "north": { "texture": "#2", "uv": [ 0.0, 0.0, 2.0, 20.0 ] },
                "east": { "texture": "#2", "uv": [ 0.0, 0.0, 2.0, 20.0 ] },
                "south": { "texture": "#2", "uv": [ 0.0, 0.0, 2.0, 20.0 ] },
                "west": { "texture": "#2", "uv": [ 0.0, 0.0, 2.0, 20.0 ] },
                "up": { "texture": "#2", "uv": [ 0.0, 0.0, 2.0, 2.0 ] },
                "down": { "texture": "#2", "uv": [ 0.0, 0.0, 2.0, 2.0 ] }
            }
        },
        {
            "name": "Cube11",
            "from": [ 1.0, 18.0, 7.7 ], 
            "to": [ 2.0, 19.0, 8.2 ], 
            "faces": {
                "north": { "texture": "#2", "uv": [ 0.0, 0.0, 2.0, 2.0 ] },
                "east": { "texture": "#2", "uv": [ 0.0, 0.0, 1.5, 2.0 ] },
                "south": { "texture": "#2", "uv": [ 0.0, 0.0, 2.0, 2.0 ] },
                "west": { "texture": "#2", "uv": [ 0.0, 0.0, 1.5, 2.0 ] },
                "up": { "texture": "#2", "uv": [ 0.0, 0.0, 1.0, 1.5 ] },
                "down": { "texture": "#2", "uv": [ 0.0, 0.0, 1.0, 1.5 ] }
            }
        },
        {
            "name": "Cube12",
            "from": [ 14.0, 18.0, 7.7 ], 
            "to": [ 15.0, 19.0, 8.2 ], 
            "faces": {
                "north": { "texture": "#2", "uv": [ 0.0, 0.0, 2.0, 2.0 ] },
                "east": { "texture": "#2", "uv": [ 0.0, 0.0, 1.5, 3.0 ] },
                "south": { "texture": "#2", "uv": [ 0.0, 0.0, 2.0, 2.0 ] },
                "west": { "texture": "#2", "uv": [ 0.0, 0.0, 1.5, 3.0 ] },
                "up": { "texture": "#2", "uv": [ 0.0, 0.0, 1.0, 1.5 ] },
                "down": { "texture": "#2", "uv": [ 0.0, 0.0, 1.0, 1.5 ] }
            }
        },
        {
            "name": "Cube13",
            "from": [ 1.5, 18.0, 8.0 ], 
            "to": [ 14.5, 19.0, 8.0 ], 
            "faces": {
                "north": { "texture": "#3", "uv": [ 0.0, 0.0, 16.0, 16.0 ] },
                "east": { "texture": "#-1", "uv": [ 0.0, 0.0, 0.0, 1.0 ] },
                "south": { "texture": "#3", "uv": [ 0.0, 0.0, 16.0, 16.0 ] },
                "west": { "texture": "#-1", "uv": [ 0.0, 0.0, 0.0, 1.0 ] },
                "up": { "texture": "#-1", "uv": [ 0.0, 0.0, 13.0, 0.0 ] },
                "down": { "texture": "#-1", "uv": [ 0.0, 0.0, 13.0, 0.0 ] }
            }
        },
        {
            "name": "Cube14",
            "from": [ 5.5, 14.0, 8.0 ], 
            "to": [ 10.5, 17.0, 8.0 ], 
            "faces": {
                "north": { "texture": "#4", "uv": [ 0.0, 0.0, 16.0, 16.0 ] },
                "east": { "texture": "#-1", "uv": [ 0.0, 0.0, 0.0, 3.0 ] },
                "south": { "texture": "#4", "uv": [ 0.0, 0.0, 16.0, 16.0 ] },
                "west": { "texture": "#-1", "uv": [ 0.0, 0.0, 0.0, 3.0 ] },
                "up": { "texture": "#-1", "uv": [ 0.0, 0.0, 5.0, 0.0 ] },
                "down": { "texture": "#-1", "uv": [ 0.0, 0.0, 5.0, 0.0 ] }
            }
        }
    ]
}