{
    "__comment": "Model generated using MrCrayfish's Model Creator (http://mrcrayfish.com/modelcreator/)",
    "textures": {
        "particle": "blocks/iron_block",
        "0": "gemmary:blocks/engine"
    },
    "elements": [
        {
            "name": "Cube",
            "from": [ 6.0, 1.0, 4.0 ], 
            "to": [ 10.0, 5.0, 11.0 ], 
            "faces": {
                "north": { "texture": "#0", "uv": [ 1.5, 4.5, 7.5, 10.5 ] },
                "east": { "texture": "#0", "uv": [ 9.5, 0.0, 15.5, 12.0 ], "rotation": 90 },
                "south": { "texture": "#0", "uv": [ 1.5, 4.5, 7.5, 10.5 ] },
                "west": { "texture": "#0", "uv": [ 9.5, 0.0, 15.5, 12.0 ], "rotation": 270 },
                "up": { "texture": "#0", "uv": [ 9.5, 0.0, 15.5, 12.0 ] },
                "down": { "texture": "#0", "uv": [ 9.5, 0.0, 15.5, 12.0 ] }
            }
        },
        {
            "name": "Cube2",
            "from": [ 3.0, 7.0, 11.0 ], 
            "to": [ 6.0, 8.0, 11.5 ], 
            "rotation": { "origin": [ 8.0, 8.0, 8.0 ], "axis": "z", "angle": 45.0 },
            "faces": {
                "north": { "texture": "#0", "uv": [ 1.0, 4.5, 0.0, 10.5 ], "rotation": 90 },
                "east": { "texture": "#0", "uv": [ 1.0, 1.0, 2.5, 2.0 ] },
                "south": { "texture": "#0", "uv": [ 0.0, 0.0, 3.0, 1.0 ] },
                "west": { "texture": "#0", "uv": [ 0.0, 2.0, 1.5, 1.0 ] },
                "up": { "texture": "#0", "uv": [ 0.0, 1.0, 3.5, 2.5 ] },
                "down": { "texture": "#0", "uv": [ 0.0, 0.0, 3.0, 1.5 ] }
            }
        },
        {
            "name": "Cube3",
            "from": [ 10.0, 7.0, 11.0 ], 
            "to": [ 13.0, 8.0, 11.5 ], 
            "rotation": { "origin": [ 8.0, 8.0, 8.0 ], "axis": "z", "angle": -45.0 },
            "faces": {
                "north": { "texture": "#0", "uv": [ 0.0, 0.0, 3.0, 1.0 ] },
                "east": { "texture": "#0", "uv": [ 0.0, 0.0, 0.5, 1.0 ] },
                "south": { "texture": "#0", "uv": [ 0.0, 0.0, 3.0, 1.0 ] },
                "west": { "texture": "#0", "uv": [ 0.0, 0.0, 0.5, 1.0 ] },
                "up": { "texture": "#0", "uv": [ 0.0, 0.0, 3.0, 0.5 ] },
                "down": { "texture": "#0", "uv": [ 0.0, 0.0, 3.0, 0.5 ] }
            }
        },
        {
            "name": "Cube4",
            "from": [ 7.0, 2.0, 11.0 ], 
            "to": [ 9.0, 4.0, 11.5 ], 
            "faces": {
                "north": { "texture": "#0", "uv": [ 0.0, 0.0, 4.0, 4.0 ] },
                "east": { "texture": "#0", "uv": [ 0.0, 0.0, 1.5, 4.0 ] },
                "south": { "texture": "#0", "uv": [ 0.0, 0.0, 4.0, 4.0 ] },
                "west": { "texture": "#0", "uv": [ 0.0, 0.0, 1.5, 4.0 ] },
                "up": { "texture": "#0", "uv": [ 0.0, 2.0, 4.0, 0.5 ] },
                "down": { "texture": "#0", "uv": [ 0.0, 2.0, 4.0, 0.5 ] }
            }
        },
        {
            "name": "Cube5",
            "from": [ 5.0, 0.0, 10.0 ], 
            "to": [ 7.0, 1.0, 11.0 ], 
            "faces": {
                "north": { "texture": "#0", "uv": [ 0.0, 5.0, 1.0, 10.0 ], "rotation": 90 },
                "east": { "texture": "#0", "uv": [ 0.0, 6.0, 1.0, 7.0 ], "rotation": 90 },
                "south": { "texture": "#0", "uv": [ 0.0, 5.0, 1.0, 10.0 ], "rotation": 90 },
                "west": { "texture": "#0", "uv": [ 0.0, 5.0, 1.0, 6.0 ], "rotation": 90 },
                "up": { "texture": "#0", "uv": [ 0.0, 5.0, 1.0, 10.0 ], "rotation": 90 },
                "down": { "texture": "#0", "uv": [ 0.0, 5.0, 1.0, 10.0 ], "rotation": 90 }
            }
        },
        {
            "name": "Cube12",
            "from": [ 5.0, 2.0, 7.0 ], 
            "to": [ 6.0, 5.0, 8.0 ], 
            "faces": {
                "north": { "texture": "#0", "uv": [ 0.0, 5.0, 1.0, 10.0 ] },
                "east": { "texture": "#0", "uv": [ 0.0, 5.0, 1.0, 10.0 ] },
                "south": { "texture": "#0", "uv": [ 0.0, 5.0, 1.0, 10.0 ] },
                "west": { "texture": "#0", "uv": [ 0.0, 5.0, 1.0, 10.0 ] },
                "up": { "texture": "#0", "uv": [ 0.0, 0.0, 1.0, 1.0 ] },
                "down": { "texture": "#0", "uv": [ 0.0, 0.0, 1.0, 1.0 ] }
            }
        },
        {
            "name": "Cube18",
            "from": [ 6.0, 5.0, 7.0 ], 
            "to": [ 10.0, 6.0, 8.0 ], 
            "faces": {
                "north": { "texture": "#0", "uv": [ 0.0, 0.0, 4.0, 1.0 ] },
                "east": { "texture": "#0", "uv": [ 0.0, 0.0, 1.0, 1.0 ] },
                "south": { "texture": "#0", "uv": [ 0.0, 0.0, 4.0, 1.0 ] },
                "west": { "texture": "#0", "uv": [ 0.0, 0.0, 1.0, 1.0 ] },
                "up": { "texture": "#0", "uv": [ 0.0, 0.0, 4.0, 1.0 ] },
                "down": { "texture": "#0", "uv": [ 0.0, 0.0, 4.0, 1.0 ] }
            }
        },
        {
            "name": "Cube6",
            "from": [ 3.0, 7.0, 3.5 ], 
            "to": [ 6.0, 8.0, 4.0 ], 
            "rotation": { "origin": [ 8.0, 8.0, 8.0 ], "axis": "z", "angle": 45.0 },
            "faces": {
                "north": { "texture": "#0", "uv": [ 1.0, 4.5, 0.0, 10.5 ] },
                "east": { "texture": "#0", "uv": [ 1.0, 1.0, 2.5, 2.0 ] },
                "south": { "texture": "#0", "uv": [ 0.0, 0.0, 3.0, 1.0 ] },
                "west": { "texture": "#0", "uv": [ 0.0, 2.0, 1.5, 1.0 ] },
                "up": { "texture": "#0", "uv": [ 0.0, 1.0, 3.5, 2.5 ] },
                "down": { "texture": "#0", "uv": [ 0.0, 0.0, 3.0, 1.5 ] }
            }
        },
        {
            "name": "Cube7",
            "from": [ 10.0, 7.0, 3.5 ], 
            "to": [ 13.0, 8.0, 4.0 ], 
            "rotation": { "origin": [ 8.0, 8.0, 8.0 ], "axis": "z", "angle": -45.0 },
            "faces": {
                "north": { "texture": "#0", "uv": [ 0.0, 0.0, 3.0, 1.0 ] },
                "east": { "texture": "#0", "uv": [ 0.0, 0.0, 0.5, 1.0 ] },
                "south": { "texture": "#0", "uv": [ 0.0, 0.0, 3.0, 1.0 ] },
                "west": { "texture": "#0", "uv": [ 0.0, 0.0, 0.5, 1.0 ] },
                "up": { "texture": "#0", "uv": [ 0.0, 0.0, 3.0, 0.5 ] },
                "down": { "texture": "#0", "uv": [ 0.0, 0.0, 3.0, 0.5 ] }
            }
        },
        {
            "name": "Cube8",
            "from": [ 9.0, 0.0, 10.0 ], 
            "to": [ 11.0, 1.0, 11.0 ], 
            "faces": {
                "north": { "texture": "#0", "uv": [ 0.0, 5.0, 1.0, 10.0 ], "rotation": 90 },
                "east": { "texture": "#0", "uv": [ 0.0, 6.0, 1.0, 7.0 ], "rotation": 90 },
                "south": { "texture": "#0", "uv": [ 0.0, 5.0, 1.0, 10.0 ], "rotation": 90 },
                "west": { "texture": "#0", "uv": [ 0.0, 5.0, 1.0, 6.0 ], "rotation": 90 },
                "up": { "texture": "#0", "uv": [ 0.0, 5.0, 1.0, 10.0 ], "rotation": 90 },
                "down": { "texture": "#0", "uv": [ 0.0, 5.0, 1.0, 10.0 ], "rotation": 90 }
            }
        },
        {
            "name": "Cube9",
            "from": [ 9.0, 0.0, 4.0 ], 
            "to": [ 11.0, 1.0, 5.0 ], 
            "faces": {
                "north": { "texture": "#0", "uv": [ 0.0, 5.0, 1.0, 10.0 ], "rotation": 90 },
                "east": { "texture": "#0", "uv": [ 0.0, 6.0, 1.0, 7.0 ], "rotation": 90 },
                "south": { "texture": "#0", "uv": [ 0.0, 5.0, 1.0, 10.0 ], "rotation": 90 },
                "west": { "texture": "#0", "uv": [ 0.0, 5.0, 1.0, 6.0 ], "rotation": 90 },
                "up": { "texture": "#0", "uv": [ 0.0, 5.0, 1.0, 10.0 ], "rotation": 90 },
                "down": { "texture": "#0", "uv": [ 0.0, 5.0, 1.0, 10.0 ], "rotation": 90 }
            }
        },
        {
            "name": "Cube10",
            "from": [ 5.0, 0.0, 4.0 ], 
            "to": [ 7.0, 1.0, 5.0 ], 
            "faces": {
                "north": { "texture": "#0", "uv": [ 0.0, 5.0, 1.0, 10.0 ], "rotation": 90 },
                "east": { "texture": "#0", "uv": [ 0.0, 6.0, 1.0, 7.0 ], "rotation": 90 },
                "south": { "texture": "#0", "uv": [ 0.0, 5.0, 1.0, 10.0 ], "rotation": 90 },
                "west": { "texture": "#0", "uv": [ 0.0, 5.0, 1.0, 6.0 ], "rotation": 90 },
                "up": { "texture": "#0", "uv": [ 0.0, 5.0, 1.0, 10.0 ], "rotation": 90 },
                "down": { "texture": "#0", "uv": [ 0.0, 5.0, 1.0, 10.0 ], "rotation": 90 }
            }
        },
        {
            "name": "Cube11",
            "from": [ 5.0, 2.0, 9.0 ], 
            "to": [ 6.0, 5.0, 10.0 ], 
            "faces": {
                "north": { "texture": "#0", "uv": [ 0.0, 5.0, 1.0, 10.0 ] },
                "east": { "texture": "#0", "uv": [ 0.0, 5.0, 1.0, 10.0 ] },
                "south": { "texture": "#0", "uv": [ 0.0, 5.0, 1.0, 10.0 ] },
                "west": { "texture": "#0", "uv": [ 0.0, 5.0, 1.0, 10.0 ] },
                "up": { "texture": "#0", "uv": [ 0.0, 0.0, 1.0, 1.0 ] },
                "down": { "texture": "#0", "uv": [ 0.0, 0.0, 1.0, 1.0 ] }
            }
        },
        {
            "name": "Cube12",
            "from": [ 5.0, 2.0, 5.0 ], 
            "to": [ 6.0, 5.0, 6.0 ], 
            "faces": {
                "north": { "texture": "#0", "uv": [ 0.0, 5.0, 1.0, 10.0 ] },
                "east": { "texture": "#0", "uv": [ 0.0, 5.0, 1.0, 10.0 ] },
                "south": { "texture": "#0", "uv": [ 0.0, 5.0, 1.0, 10.0 ] },
                "west": { "texture": "#0", "uv": [ 0.0, 5.0, 1.0, 10.0 ] },
                "up": { "texture": "#0", "uv": [ 0.0, 0.0, 1.0, 1.0 ] },
                "down": { "texture": "#0", "uv": [ 0.0, 0.0, 1.0, 1.0 ] }
            }
        },
        {
            "name": "Cube13",
            "from": [ 10.0, 2.0, 5.0 ], 
            "to": [ 11.0, 5.0, 6.0 ], 
            "faces": {
                "north": { "texture": "#0", "uv": [ 0.0, 5.0, 1.0, 10.0 ] },
                "east": { "texture": "#0", "uv": [ 0.0, 5.0, 1.0, 10.0 ] },
                "south": { "texture": "#0", "uv": [ 0.0, 5.0, 1.0, 10.0 ] },
                "west": { "texture": "#0", "uv": [ 0.0, 5.0, 1.0, 10.0 ] },
                "up": { "texture": "#0", "uv": [ 0.0, 0.0, 1.0, 1.0 ] },
                "down": { "texture": "#0", "uv": [ 0.0, 0.0, 1.0, 1.0 ] }
            }
        },
        {
            "name": "Cube14",
            "from": [ 10.0, 2.0, 7.0 ], 
            "to": [ 11.0, 5.0, 8.0 ], 
            "faces": {
                "north": { "texture": "#0", "uv": [ 0.0, 5.0, 1.0, 10.0 ] },
                "east": { "texture": "#0", "uv": [ 0.0, 5.0, 1.0, 10.0 ] },
                "south": { "texture": "#0", "uv": [ 0.0, 5.0, 1.0, 10.0 ] },
                "west": { "texture": "#0", "uv": [ 0.0, 5.0, 1.0, 10.0 ] },
                "up": { "texture": "#0", "uv": [ 0.0, 0.0, 1.0, 1.0 ] },
                "down": { "texture": "#0", "uv": [ 0.0, 0.0, 1.0, 1.0 ] }
            }
        },
        {
            "name": "Cube15",
            "from": [ 10.0, 2.0, 9.0 ], 
            "to": [ 11.0, 5.0, 10.0 ], 
            "faces": {
                "north": { "texture": "#0", "uv": [ 0.0, 5.0, 1.0, 10.0 ] },
                "east": { "texture": "#0", "uv": [ 0.0, 5.0, 1.0, 10.0 ] },
                "south": { "texture": "#0", "uv": [ 0.0, 5.0, 1.0, 10.0 ] },
                "west": { "texture": "#0", "uv": [ 0.0, 5.0, 1.0, 10.0 ] },
                "up": { "texture": "#0", "uv": [ 0.0, 0.0, 1.0, 1.0 ] },
                "down": { "texture": "#0", "uv": [ 0.0, 0.0, 1.0, 1.0 ] }
            }
        },
        {
            "name": "Cube16",
            "from": [ 6.0, 5.0, 9.0 ], 
            "to": [ 10.0, 6.0, 10.0 ], 
            "faces": {
                "north": { "texture": "#0", "uv": [ 0.0, 0.0, 4.0, 1.0 ] },
                "east": { "texture": "#0", "uv": [ 0.0, 0.0, 1.0, 1.0 ] },
                "south": { "texture": "#0", "uv": [ 0.0, 0.0, 4.0, 1.0 ] },
                "west": { "texture": "#0", "uv": [ 0.0, 0.0, 1.0, 1.0 ] },
                "up": { "texture": "#0", "uv": [ 0.0, 0.0, 4.0, 1.0 ] },
                "down": { "texture": "#0", "uv": [ 0.0, 0.0, 4.0, 1.0 ] }
            }
        },
        {
            "name": "Cube17",
            "from": [ 6.0, 5.0, 5.0 ], 
            "to": [ 10.0, 6.0, 6.0 ], 
            "faces": {
                "north": { "texture": "#0", "uv": [ 0.0, 0.0, 4.0, 1.0 ] },
                "east": { "texture": "#0", "uv": [ 0.0, 0.0, 1.0, 1.0 ] },
                "south": { "texture": "#0", "uv": [ 0.0, 0.0, 4.0, 1.0 ] },
                "west": { "texture": "#0", "uv": [ 0.0, 0.0, 1.0, 1.0 ] },
                "up": { "texture": "#0", "uv": [ 0.0, 0.0, 4.0, 1.0 ] },
                "down": { "texture": "#0", "uv": [ 0.0, 0.0, 4.0, 1.0 ] }
            }
        }
    ]
}