{
    "textures": {
        "0": "gemmary:blocks/quartz_crystals",
        "particle": "gemmary:blocks/quartz_crystals"
    },
    "elements": [
        {
            "name": "16x16",
            "from": [ 0.0, 0.0, 0.0 ], 
            "to": [ 16.0, 1.0, 16.0 ], 
            "faces": {
                "north": { "texture": "#0", "uv": [ 0.0, 0.0, 16.0, 1.0 ] },
                "east": { "texture": "#0", "uv": [ 0.0, 0.0, 16.0, 1.0 ] },
                "south": { "texture": "#0", "uv": [ 0.0, 0.0, 16.0, 1.0 ] },
                "west": { "texture": "#0", "uv": [ 0.0, 0.0, 16.0, 1.0 ] },
                "up": { "texture": "#0", "uv": [ 0.0, 0.0, 16.0, 16.0 ] },
                "down": { "texture": "#0", "uv": [ 0.0, 0.0, 16.0, 16.0 ] }
            }
        },
        {
            "name": "15x15",
            "from": [ 0.5000000074505806, 1.0, 0.5000000074505806 ], 
            "to": [ 15.50000000745058, 2.0, 15.50000000745058 ], 
            "faces": {
                "north": { "texture": "#0", "uv": [ 0.0, 0.0, 15.0, 1.0 ] },
                "east": { "texture": "#0", "uv": [ 0.0, 0.0, 15.0, 1.0 ] },
                "south": { "texture": "#0", "uv": [ 0.0, 0.0, 15.0, 1.0 ] },
                "west": { "texture": "#0", "uv": [ 0.0, 0.0, 15.0, 1.0 ] },
                "up": { "texture": "#0", "uv": [ 0.0, 0.0, 15.0, 15.0 ] },
                "down": { "texture": "#0", "uv": [ 0.0, 0.0, 15.0, 15.0 ] }
            }
        },
        {
            "name": "14x14",
            "from": [ 1.0, 2.0, 1.0 ], 
            "to": [ 15.0, 3.0, 15.0 ], 
            "faces": {
                "north": { "texture": "#0", "uv": [ 0.0, 0.0, 14.0, 1.0 ] },
                "east": { "texture": "#0", "uv": [ 0.0, 0.0, 14.0, 1.0 ] },
                "south": { "texture": "#0", "uv": [ 0.0, 0.0, 14.0, 1.0 ] },
                "west": { "texture": "#0", "uv": [ 0.0, 0.0, 14.0, 1.0 ] },
                "up": { "texture": "#0", "uv": [ 0.0, 0.0, 14.0, 14.0 ] },
                "down": { "texture": "#0", "uv": [ 0.0, 0.0, 14.0, 14.0 ] }
            }
        },
        {
            "name": "13x13",
            "from": [ 1.5000000074505806, 3.0, 1.5000000074505806 ], 
            "to": [ 14.50000000745058, 4.0, 14.50000000745058 ], 
            "faces": {
                "north": { "texture": "#0", "uv": [ 0.0, 0.0, 13.0, 1.0 ] },
                "east": { "texture": "#0", "uv": [ 0.0, 0.0, 13.0, 1.0 ] },
                "south": { "texture": "#0", "uv": [ 0.0, 0.0, 13.0, 1.0 ] },
                "west": { "texture": "#0", "uv": [ 0.0, 0.0, 13.0, 1.0 ] },
                "up": { "texture": "#0", "uv": [ 0.0, 0.0, 13.0, 13.0 ] },
                "down": { "texture": "#0", "uv": [ 0.0, 0.0, 13.0, 13.0 ] }
            }
        },
        {
            "name": "12x12",
            "from": [ 2.000000014901161, 4.0, 2.000000014901161 ], 
            "to": [ 14.000000014901161, 5.0, 14.000000014901161 ], 
            "faces": {
                "north": { "texture": "#0", "uv": [ 0.0, 0.0, 12.0, 1.0 ] },
                "east": { "texture": "#0", "uv": [ 0.0, 0.0, 12.0, 1.0 ] },
                "south": { "texture": "#0", "uv": [ 0.0, 0.0, 12.0, 1.0 ] },
                "west": { "texture": "#0", "uv": [ 0.0, 0.0, 12.0, 1.0 ] },
                "up": { "texture": "#0", "uv": [ 0.0, 0.0, 12.0, 12.0 ] },
                "down": { "texture": "#0", "uv": [ 0.0, 0.0, 12.0, 12.0 ] }
            }
        },
        {
            "name": "11x11",
            "from": [ 2.500000022351742, 5.0, 2.500000022351742 ], 
            "to": [ 13.500000022351742, 6.0, 13.500000022351742 ], 
            "faces": {
                "north": { "texture": "#0", "uv": [ 0.0, 0.0, 11.0, 1.0 ] },
                "east": { "texture": "#0", "uv": [ 0.0, 0.0, 11.0, 1.0 ] },
                "south": { "texture": "#0", "uv": [ 0.0, 0.0, 11.0, 1.0 ] },
                "west": { "texture": "#0", "uv": [ 0.0, 0.0, 11.0, 1.0 ] },
                "up": { "texture": "#0", "uv": [ 0.0, 0.0, 11.0, 11.0 ] },
                "down": { "texture": "#0", "uv": [ 0.0, 0.0, 11.0, 11.0 ] }
            }
        },
        {
            "name": "10x10",
            "from": [ 3.0000000298023224, 6.0, 3.0000000298023224 ], 
            "to": [ 13.000000029802322, 7.0, 13.000000029802322 ], 
            "faces": {
                "north": { "texture": "#0", "uv": [ 0.0, 0.0, 10.0, 1.0 ] },
                "east": { "texture": "#0", "uv": [ 0.0, 0.0, 10.0, 1.0 ] },
                "south": { "texture": "#0", "uv": [ 0.0, 0.0, 10.0, 1.0 ] },
                "west": { "texture": "#0", "uv": [ 0.0, 0.0, 10.0, 1.0 ] },
                "up": { "texture": "#0", "uv": [ 0.0, 0.0, 10.0, 10.0 ] },
                "down": { "texture": "#0", "uv": [ 0.0, 0.0, 10.0, 10.0 ] }
            }
        },
        {
            "name": "9x9",
            "from": [ 3.500000037252903, 7.0, 3.500000037252903 ], 
            "to": [ 12.500000037252903, 8.0, 12.500000037252903 ], 
            "faces": {
                "north": { "texture": "#0", "uv": [ 0.0, 0.0, 9.0, 1.0 ] },
                "east": { "texture": "#0", "uv": [ 0.0, 0.0, 9.0, 1.0 ] },
                "south": { "texture": "#0", "uv": [ 0.0, 0.0, 9.0, 1.0 ] },
                "west": { "texture": "#0", "uv": [ 0.0, 0.0, 9.0, 1.0 ] },
                "up": { "texture": "#0", "uv": [ 0.0, 0.0, 9.0, 9.0 ] },
                "down": { "texture": "#0", "uv": [ 0.0, 0.0, 9.0, 9.0 ] }
            }
        },
        {
            "name": "8x8",
            "from": [ 4.000000044703484, 8.0, 4.000000044703484 ], 
            "to": [ 12.000000044703484, 9.0, 12.000000044703484 ], 
            "faces": {
                "north": { "texture": "#0", "uv": [ 0.0, 0.0, 8.0, 1.0 ] },
                "east": { "texture": "#0", "uv": [ 0.0, 0.0, 8.0, 1.0 ] },
                "south": { "texture": "#0", "uv": [ 0.0, 0.0, 8.0, 1.0 ] },
                "west": { "texture": "#0", "uv": [ 0.0, 0.0, 8.0, 1.0 ] },
                "up": { "texture": "#0", "uv": [ 0.0, 0.0, 8.0, 8.0 ] },
                "down": { "texture": "#0", "uv": [ 0.0, 0.0, 8.0, 8.0 ] }
            }
        },
        {
            "name": "7x7",
            "from": [ 4.500000052154064, 9.0, 4.500000052154064 ], 
            "to": [ 11.500000052154064, 10.0, 11.500000052154064 ], 
            "faces": {
                "north": { "texture": "#0", "uv": [ 0.0, 0.0, 7.0, 1.0 ] },
                "east": { "texture": "#0", "uv": [ 0.0, 0.0, 7.0, 1.0 ] },
                "south": { "texture": "#0", "uv": [ 0.0, 0.0, 7.0, 1.0 ] },
                "west": { "texture": "#0", "uv": [ 0.0, 0.0, 7.0, 1.0 ] },
                "up": { "texture": "#0", "uv": [ 0.0, 0.0, 7.0, 7.0 ] },
                "down": { "texture": "#0", "uv": [ 0.0, 0.0, 7.0, 7.0 ] }
            }
        },
        {
            "name": "6x6",
            "from": [ 5.000000059604645, 10.0, 5.000000059604645 ], 
            "to": [ 11.000000059604645, 11.0, 11.000000059604645 ], 
            "faces": {
                "north": { "texture": "#0", "uv": [ 0.0, 0.0, 6.0, 1.0 ] },
                "east": { "texture": "#0", "uv": [ 0.0, 0.0, 6.0, 1.0 ] },
                "south": { "texture": "#0", "uv": [ 0.0, 0.0, 6.0, 1.0 ] },
                "west": { "texture": "#0", "uv": [ 0.0, 0.0, 6.0, 1.0 ] },
                "up": { "texture": "#0", "uv": [ 0.0, 0.0, 6.0, 6.0 ] },
                "down": { "texture": "#0", "uv": [ 0.0, 0.0, 6.0, 6.0 ] }
            }
        },
        {
            "name": "5x5",
            "from": [ 5.500000067055225, 11.0, 5.500000067055225 ], 
            "to": [ 10.500000067055225, 12.0, 10.500000067055225 ], 
            "faces": {
                "north": { "texture": "#0", "uv": [ 0.0, 0.0, 5.0, 1.0 ] },
                "east": { "texture": "#0", "uv": [ 0.0, 0.0, 5.0, 1.0 ] },
                "south": { "texture": "#0", "uv": [ 0.0, 0.0, 5.0, 1.0 ] },
                "west": { "texture": "#0", "uv": [ 0.0, 0.0, 5.0, 1.0 ] },
                "up": { "texture": "#0", "uv": [ 0.0, 0.0, 5.0, 5.0 ] },
                "down": { "texture": "#0", "uv": [ 0.0, 0.0, 5.0, 5.0 ] }
            }
        },
        {
            "name": "4x4",
            "from": [ 6.000000074505806, 12.0, 6.000000074505806 ], 
            "to": [ 10.000000074505806, 13.0, 10.000000074505806 ], 
            "faces": {
                "north": { "texture": "#0", "uv": [ 0.0, 0.0, 4.0, 1.0 ] },
                "east": { "texture": "#0", "uv": [ 0.0, 0.0, 4.0, 1.0 ] },
                "south": { "texture": "#0", "uv": [ 0.0, 0.0, 4.0, 1.0 ] },
                "west": { "texture": "#0", "uv": [ 0.0, 0.0, 4.0, 1.0 ] },
                "up": { "texture": "#0", "uv": [ 0.0, 0.0, 4.0, 4.0 ] },
                "down": { "texture": "#0", "uv": [ 0.0, 0.0, 4.0, 4.0 ] }
            }
        },
        {
            "name": "3x3",
            "from": [ 6.500000081956387, 13.0, 6.500000081956387 ], 
            "to": [ 9.500000081956387, 14.0, 9.500000081956387 ], 
            "faces": {
                "north": { "texture": "#0", "uv": [ 0.0, 0.0, 3.0, 1.0 ] },
                "east": { "texture": "#0", "uv": [ 0.0, 0.0, 3.0, 1.0 ] },
                "south": { "texture": "#0", "uv": [ 0.0, 0.0, 3.0, 1.0 ] },
                "west": { "texture": "#0", "uv": [ 0.0, 0.0, 3.0, 1.0 ] },
                "up": { "texture": "#0", "uv": [ 0.0, 0.0, 3.0, 3.0 ] },
                "down": { "texture": "#0", "uv": [ 0.0, 0.0, 3.0, 3.0 ] }
            }
        },
        {
            "name": "2x2",
            "from": [ 7.000000089406967, 14.0, 7.000000089406967 ], 
            "to": [ 9.000000089406967, 15.0, 9.000000089406967 ], 
            "faces": {
                "north": { "texture": "#0", "uv": [ 0.0, 0.0, 2.0, 1.0 ] },
                "east": { "texture": "#0", "uv": [ 0.0, 0.0, 2.0, 1.0 ] },
                "south": { "texture": "#0", "uv": [ 0.0, 0.0, 2.0, 1.0 ] },
                "west": { "texture": "#0", "uv": [ 0.0, 0.0, 2.0, 1.0 ] },
                "up": { "texture": "#0", "uv": [ 0.0, 0.0, 2.0, 2.0 ] },
                "down": { "texture": "#0", "uv": [ 0.0, 0.0, 2.0, 2.0 ] }
            }
        },
        {
            "name": "1x1",
            "from": [ 7.500000096857548, 15.0, 7.500000096857548 ], 
            "to": [ 8.500000096857548, 16.0, 8.500000096857548 ], 
            "faces": {
                "north": { "texture": "#0", "uv": [ 0.0, 0.0, 1.0, 1.0 ] },
                "east": { "texture": "#0", "uv": [ 0.0, 0.0, 1.0, 1.0 ] },
                "south": { "texture": "#0", "uv": [ 0.0, 0.0, 1.0, 1.0 ] },
                "west": { "texture": "#0", "uv": [ 0.0, 0.0, 1.0, 1.0 ] },
                "up": { "texture": "#0", "uv": [ 0.0, 0.0, 1.0, 1.0 ] },
                "down": { "texture": "#0", "uv": [ 0.0, 0.0, 1.0, 1.0 ] }
            }
        }
    ]
}