{
    "variants": {
        "normal": 
        [
            { "model": "gemmary:diamond_tnt" },
            { "model": "gemmary:diamond_tnt", "y": 90 },
            { "model": "gemmary:diamond_tnt", "y": 180 },
            { "model": "gemmary:diamond_tnt", "y": 270 }
        ],
        "explode=true": 
        [
            { "model": "gemmary:diamond_tnt" },
            { "model": "gemmary:diamond_tnt", "y": 90 },
            { "model": "gemmary:diamond_tnt", "y": 180 },
            { "model": "gemmary:diamond_tnt", "y": 270 }
        ],
        "explode=false":
        [
            { "model": "gemmary:diamond_tnt" },
            { "model": "gemmary:diamond_tnt", "y": 90 },
            { "model": "gemmary:diamond_tnt", "y": 180 },
            { "model": "gemmary:diamond_tnt", "y": 270 }
        ]
    }
}
