{
    "textures": {
        "particle": "blocks/redstone_block",
        "0": "gemmary:blocks/hydrothermal_vein",
        "1": "blocks/water_still",
        "2": "blocks/lava_still",
        "3": "blocks/water_flow",
        "4": "gemmary:blocks/water_container_front",
        "5": "gemmary:blocks/atom_container_front"
    },
    "elements": [
        {
            "name": "Front Side",
            "from": [ 3.0, 0.0, 3.0 ], 
            "to": [ 13.0, 8.0, 4.0 ], 
            "faces": {
                "north": { "texture": "#0", "uv": [ 4.0, 9.5, 7.5, 13.5 ] },
                "east": { "texture": "#0", "uv": [ 4.0, 5.5, 5.0, 9.0 ] },
                "south": { "texture": "#0", "uv": [ 4.0, 5.3, 7.5, 9.0 ] },
                "west": { "texture": "#0", "uv": [ 4.0, 5.5, 5.0, 9.0 ] },
                "up": { "texture": "#0", "uv": [ 4.0, 6.0, 7.5, 7.0 ] },
                "down": { "texture": "#0", "uv": [ 4.0, 6.0, 7.5, 7.0 ] }
            }
        },
        {
            "name": "Back Side",
            "from": [ 3.0, 0.0, 12.0 ], 
            "to": [ 13.0, 8.0, 13.0 ], 
            "faces": {
                "north": { "texture": "#0", "uv": [ 4.0, 5.3, 7.5, 9.0 ] },
                "east": { "texture": "#0", "uv": [ 4.0, 5.5, 5.0, 9.0 ] },
                "south": { "texture": "#0", "uv": [ 4.0, 5.3, 7.5, 9.0 ] },
                "west": { "texture": "#0", "uv": [ 4.0, 5.5, 5.0, 9.0 ] },
                "up": { "texture": "#0", "uv": [ 4.0, 6.0, 7.5, 7.0 ] },
                "down": { "texture": "#0", "uv": [ 4.0, 6.0, 7.5, 7.0 ] }
            }
        },
        {
            "name": "Right Side",
            "from": [ 3.0, 0.0, 4.0 ], 
            "to": [ 4.0, 8.0, 12.0 ], 
            "faces": {
                "north": { "texture": "#0", "uv": [ 4.0, 5.5, 5.0, 9.0 ] },
                "east": { "texture": "#0", "uv": [ 4.0, 5.3, 7.5, 9.0 ] },
                "south": { "texture": "#0", "uv": [ 4.0, 5.5, 5.0, 9.0 ] },
                "west": { "texture": "#0", "uv": [ 4.0, 5.3, 7.5, 9.0 ] },
                "up": { "texture": "#0", "uv": [ 4.0, 6.0, 7.5, 7.0 ], "rotation": 90 },
                "down": { "texture": "#0", "uv": [ 4.0, 6.0, 7.5, 7.0 ], "rotation": 90 }
            }
        },
        {
            "name": "Vein Liquid",
            "from": [ 4.0, 1.0, 4.0 ], 
            "to": [ 12.0, 7.0, 12.0 ], 
            "faces": {
                "north": { "texture": "#1", "uv": [ 0.0, 0.0, 16.0, 16.0 ] },
                "east": { "texture": "#1", "uv": [ 0.0, 0.0, 16.0, 16.0 ] },
                "south": { "texture": "#1", "uv": [ 0.0, 0.0, 16.0, 16.0 ] },
                "west": { "texture": "#1", "uv": [ 0.0, 0.0, 16.0, 16.0 ] },
                "up": { "texture": "#1", "uv": [ 0.0, 0.0, 16.0, 16.0 ] },
                "down": { "texture": "#1", "uv": [ 0.0, 0.0, 16.0, 16.0 ] }
            }
        },
        {
            "name": "Bottom",
            "from": [ 4.0, 0.0, 4.0 ], 
            "to": [ 12.0, 1.0, 12.0 ], 
            "faces": {
                "north": { "texture": "#-1", "uv": [ 4.0, 5.3, 7.5, 9.0 ] },
                "east": { "texture": "#-1", "uv": [ 0.0, 0.0, 8.0, 1.0 ] },
                "south": { "texture": "#-1", "uv": [ 4.0, 5.3, 7.5, 9.0 ] },
                "west": { "texture": "#-1", "uv": [ 0.0, 0.0, 8.0, 1.0 ] },
                "up": { "texture": "#0", "uv": [ 4.0, 5.3, 7.5, 9.0 ] },
                "down": { "texture": "#0", "uv": [ 4.0, 5.3, 7.5, 9.0 ] }
            }
        },
        {
            "name": "Pipe Left ",
            "from": [ 9.0, 8.0, 7.5 ], 
            "to": [ 9.5, 19.0, 9.5 ], 
            "faces": {
                "north": { "texture": "#0", "uv": [ 10.5, 2.5, 11.5, 13.5 ] },
                "east": { "texture": "#0", "uv": [ 10.5, 2.5, 11.5, 13.5 ] },
                "south": { "texture": "#0", "uv": [ 10.5, 2.5, 11.5, 13.5 ] },
                "west": { "texture": "#0", "uv": [ 10.5, 2.5, 11.5, 13.5 ] },
                "up": { "texture": "#0", "uv": [ 10.5, 4.0, 11.5, 7.0 ] },
                "down": { "texture": "#0", "uv": [ 10.5, 4.0, 11.5, 7.0 ] }
            }
        },
        {
            "name": "Pipe Front",
            "from": [ 7.0, 8.0, 7.0 ], 
            "to": [ 9.0, 19.0, 7.5 ], 
            "faces": {
                "north": { "texture": "#0", "uv": [ 10.5, 2.5, 11.5, 13.5 ] },
                "east": { "texture": "#0", "uv": [ 10.5, 2.5, 11.5, 13.5 ] },
                "south": { "texture": "#0", "uv": [ 10.5, 2.5, 11.5, 13.5 ] },
                "west": { "texture": "#0", "uv": [ 10.5, 2.5, 11.5, 13.5 ] },
                "up": { "texture": "#0", "uv": [ 10.5, 2.5, 11.5, 6.0 ], "rotation": 90 },
                "down": { "texture": "#0", "uv": [ 10.5, 2.5, 11.5, 7.0 ], "rotation": 90 }
            }
        },
        {
            "name": "Pipe Liquid",
            "from": [ 7.0, 8.0, 7.5 ], 
            "to": [ 9.0, 19.0, 9.5 ], 
            "faces": {
                "north": { "texture": "#3", "uv": [ 0.0, 0.0, 2.0, 11.0 ] },
                "east": { "texture": "#3", "uv": [ 0.0, 0.0, 2.0, 11.0 ] },
                "south": { "texture": "#3", "uv": [ 0.0, 0.0, 2.0, 11.0 ] },
                "west": { "texture": "#3", "uv": [ 0.0, 0.0, 2.0, 11.0 ] },
                "up": { "texture": "#3", "uv": [ 0.0, 0.0, 2.0, 2.0 ] },
                "down": { "texture": "#3", "uv": [ 0.0, 0.0, 2.0, 2.0 ] }
            }
        },
        {
            "name": "Pipe Top",
            "from": [ 7.0, 19.0, 7.5 ], 
            "to": [ 9.0, 19.5, 9.5 ], 
            "faces": {
                "north": { "texture": "#0", "uv": [ 5.0, 6.0, 7.0, 6.5 ] },
                "east": { "texture": "#0", "uv": [ 5.0, 6.0, 7.0, 6.5 ] },
                "south": { "texture": "#0", "uv": [ 5.0, 6.0, 7.0, 6.5 ] },
                "west": { "texture": "#0", "uv": [ 5.0, 6.0, 7.0, 6.5 ] },
                "up": { "texture": "#0", "uv": [ 5.0, 6.0, 7.0, 8.0 ] },
                "down": { "texture": "#0", "uv": [ 5.0, 6.0, 7.0, 8.0 ] }
            }
        },
        {
            "name": "Liquid Container",
            "from": [ 1.5, 18.0, 8.0 ], 
            "to": [ 5.5, 22.0, 12.0 ], 
            "faces": {
                "north": { "texture": "#4", "uv": [ 0.0, 0.0, 16.0, 16.0 ] },
                "east": { "texture": "#0", "uv": [ 4.0, 5.3, 7.5, 9.0 ] },
                "south": { "texture": "#0", "uv": [ 4.0, 5.3, 7.5, 9.0 ] },
                "west": { "texture": "#0", "uv": [ 4.0, 5.3, 7.5, 9.0 ] },
                "up": { "texture": "#0", "uv": [ 4.0, 5.3, 7.5, 9.0 ] },
                "down": { "texture": "#0", "uv": [ 4.0, 5.3, 7.5, 9.0 ] }
            }
        },
        {
            "name": "Containers Pipe",
            "from": [ 5.0, 18.0, 9.0 ], 
            "to": [ 11.0, 19.0, 10.0 ], 
            "faces": {
                "north": { "texture": "#0", "uv": [ 4.0, 6.0, 7.0, 7.0 ] },
                "east": { "texture": "#0", "uv": [ 5.0, 6.0, 6.0, 7.0 ] },
                "south": { "texture": "#0", "uv": [ 4.0, 6.0, 7.0, 7.0 ] },
                "west": { "texture": "#0", "uv": [ 6.0, 7.0, 7.0, 8.0 ] },
                "up": { "texture": "#0", "uv": [ 4.0, 6.0, 7.0, 7.0 ] },
                "down": { "texture": "#0", "uv": [ 4.0, 8.0, 7.0, 9.0 ] }
            }
        },
        {
            "name": "Lava",
            "from": [ 6.0, 11.0, 6.0 ], 
            "to": [ 10.0, 12.0, 7.0 ], 
            "faces": {
                "north": { "texture": "#2", "uv": [ 0.0, 0.0, 16.0, 16.0 ] },
                "east": { "texture": "#2", "uv": [ 0.0, 0.0, 16.0, 16.0 ] },
                "south": { "texture": "#2", "uv": [ 0.0, 0.0, 16.0, 16.0 ] },
                "west": { "texture": "#2", "uv": [ 0.0, 0.0, 16.0, 16.0 ] },
                "up": { "texture": "#2", "uv": [ 0.0, 0.0, 16.0, 16.0 ] },
                "down": { "texture": "#2", "uv": [ 0.0, 0.0, 16.0, 16.0 ] }
            }
        },
        {
            "name": "Lava2",
            "from": [ 6.0, 11.0, 10.0 ], 
            "to": [ 10.0, 12.0, 11.0 ], 
            "faces": {
                "north": { "texture": "#2", "uv": [ 0.0, 0.0, 16.0, 16.0 ] },
                "east": { "texture": "#2", "uv": [ 0.0, 0.0, 16.0, 16.0 ] },
                "south": { "texture": "#2", "uv": [ 0.0, 0.0, 16.0, 16.0 ] },
                "west": { "texture": "#2", "uv": [ 0.0, 0.0, 16.0, 16.0 ] },
                "up": { "texture": "#2", "uv": [ 0.0, 0.0, 16.0, 16.0 ] },
                "down": { "texture": "#2", "uv": [ 0.0, 0.0, 16.0, 16.0 ] }
            }
        },
        {
            "name": "Lava3",
            "from": [ 9.5, 11.0, 7.0 ], 
            "to": [ 10.5, 12.0, 10.0 ], 
            "faces": {
                "north": { "texture": "#2", "uv": [ 0.0, 0.0, 16.0, 16.0 ] },
                "east": { "texture": "#2", "uv": [ 0.0, 0.0, 16.0, 16.0 ] },
                "south": { "texture": "#2", "uv": [ 0.0, 0.0, 16.0, 16.0 ] },
                "west": { "texture": "#2", "uv": [ 0.0, 0.0, 16.0, 16.0 ] },
                "up": { "texture": "#2", "uv": [ 0.0, 0.0, 16.0, 16.0 ] },
                "down": { "texture": "#2", "uv": [ 0.0, 0.0, 16.0, 16.0 ] }
            }
        },
        {
            "name": "Lava4",
            "from": [ 5.5, 11.0, 7.0 ], 
            "to": [ 6.5, 12.0, 10.0 ], 
            "faces": {
                "north": { "texture": "#2", "uv": [ 0.0, 0.0, 16.0, 16.0 ] },
                "east": { "texture": "#2", "uv": [ 0.0, 0.0, 16.0, 16.0 ] },
                "south": { "texture": "#2", "uv": [ 0.0, 0.0, 16.0, 16.0 ] },
                "west": { "texture": "#2", "uv": [ 0.0, 0.0, 16.0, 16.0 ] },
                "up": { "texture": "#2", "uv": [ 0.0, 0.0, 16.0, 16.0 ] },
                "down": { "texture": "#2", "uv": [ 0.0, 0.0, 16.0, 16.0 ] }
            }
        },
        {
            "name": "Left Side",
            "from": [ 12.0, 0.0, 4.0 ], 
            "to": [ 13.0, 8.0, 12.0 ], 
            "faces": {
                "north": { "texture": "#0", "uv": [ 4.0, 5.5, 5.0, 9.0 ] },
                "east": { "texture": "#0", "uv": [ 4.0, 5.3, 7.5, 9.0 ] },
                "south": { "texture": "#0", "uv": [ 4.0, 5.5, 5.0, 9.0 ] },
                "west": { "texture": "#0", "uv": [ 4.0, 5.3, 7.5, 9.0 ] },
                "up": { "texture": "#0", "uv": [ 4.0, 6.0, 7.5, 7.0 ], "rotation": 90 },
                "down": { "texture": "#0", "uv": [ 4.0, 6.0, 7.5, 7.0 ], "rotation": 90 }
            }
        },
        {
            "name": "Top",
            "from": [ 4.0, 7.0, 4.0 ], 
            "to": [ 12.0, 8.0, 12.0 ], 
            "faces": {
                "north": { "texture": "#-1", "uv": [ 4.0, 5.3, 7.5, 9.0 ] },
                "east": { "texture": "#-1", "uv": [ 0.0, 0.0, 8.0, 1.0 ] },
                "south": { "texture": "#-1", "uv": [ 4.0, 5.3, 7.5, 9.0 ] },
                "west": { "texture": "#-1", "uv": [ 0.0, 0.0, 8.0, 1.0 ] },
                "up": { "texture": "#0", "uv": [ 4.0, 5.3, 7.5, 9.0 ] },
                "down": { "texture": "#0", "uv": [ 4.0, 5.3, 7.5, 9.0 ] }
            }
        },
        {
            "name": "Atoms Container",
            "from": [ 10.5, 18.0, 8.0 ], 
            "to": [ 14.5, 22.0, 12.0 ], 
            "faces": {
                "north": { "texture": "#5", "uv": [ 0.0, 0.0, 16.0, 16.0 ] },
                "east": { "texture": "#0", "uv": [ 4.0, 5.3, 7.5, 9.0 ] },
                "south": { "texture": "#0", "uv": [ 4.0, 5.3, 7.5, 9.0 ] },
                "west": { "texture": "#0", "uv": [ 4.0, 5.3, 7.5, 9.0 ] },
                "up": { "texture": "#0", "uv": [ 4.0, 5.3, 7.5, 9.0 ] },
                "down": { "texture": "#0", "uv": [ 4.0, 5.3, 7.5, 9.0 ] }
            }
        },
        {
            "name": "Pipe Back",
            "from": [ 7.0, 8.0, 9.5 ], 
            "to": [ 9.0, 19.0, 10.0 ], 
            "faces": {
                "north": { "texture": "#0", "uv": [ 10.5, 2.5, 11.5, 13.5 ] },
                "east": { "texture": "#0", "uv": [ 10.5, 2.5, 11.5, 13.5 ] },
                "south": { "texture": "#0", "uv": [ 10.5, 2.5, 11.5, 13.5 ] },
                "west": { "texture": "#0", "uv": [ 10.5, 2.5, 11.5, 13.5 ] },
                "up": { "texture": "#0", "uv": [ 10.5, 2.5, 11.5, 6.0 ] },
                "down": { "texture": "#0", "uv": [ 10.5, 2.5, 11.5, 7.0 ] }
            }
        },
        {
            "name": "Pipe Right",
            "from": [ 6.5, 8.0, 7.5 ], 
            "to": [ 7.0, 19.0, 9.5 ], 
            "faces": {
                "north": { "texture": "#0", "uv": [ 10.5, 2.5, 11.5, 13.5 ] },
                "east": { "texture": "#0", "uv": [ 10.5, 2.5, 11.5, 13.5 ] },
                "south": { "texture": "#0", "uv": [ 10.5, 2.5, 11.5, 13.5 ] },
                "west": { "texture": "#0", "uv": [ 10.5, 2.5, 11.5, 13.5 ] },
                "up": { "texture": "#0", "uv": [ 10.5, 4.0, 11.5, 7.0 ] },
                "down": { "texture": "#0", "uv": [ 10.5, 4.0, 11.5, 7.0 ] }
            }
        }
    ]
}