{
    "textures": {
        "particle": "blocks/anvil_base",
        "0": "gemmary:blocks/compressor"
    },
    "elements": [
        {
            "name": "Cube",
            "from": [ 1.0, 2.0, 8.0 ], 
            "to": [ 2.0, 6.0, 9.0 ], 
            "faces": {
                "north": { "texture": "#0", "uv": [ 4.5, 6.0, 4.0, 12.0 ] },
                "east": { "texture": "#0", "uv": [ 4.0, 6.0, 4.5, 12.0 ] },
                "south": { "texture": "#0", "uv": [ 4.0, 6.0, 4.5, 12.0 ] },
                "west": { "texture": "#0", "uv": [ 4.0, 6.0, 4.5, 12.0 ] },
                "up": { "texture": "#0", "uv": [ 4.0, 7.0, 4.5, 8.0 ] },
                "down": { "texture": "#0", "uv": [ 4.0, 7.0, 4.5, 8.0 ] }
            }
        },
        {
            "name": "Cube2",
            "from": [ 4.0, 0.0, 6.5 ], 
            "to": [ 8.0, 4.0, 10.5 ], 
            "faces": {
                "north": { "texture": "#0", "uv": [ 10.3, 1.5, 14.2, 5.5 ] },
                "east": { "texture": "#0", "uv": [ 6.0, 7.0, 10.0, 10.5 ] },
                "south": { "texture": "#0", "uv": [ 10.3, 1.5, 14.2, 5.5 ] },
                "west": { "texture": "#0", "uv": [ 6.0, 7.0, 10.0, 10.0 ] },
                "up": { "texture": "#0", "uv": [ 6.0, 7.0, 10.0, 10.0 ] },
                "down": { "texture": "#0", "uv": [ 6.0, 7.0, 10.0, 10.0 ] }
            }
        },
        {
            "name": "Cube3",
            "from": [ 2.0, 1.5, 8.0 ], 
            "to": [ 4.0, 2.5, 9.0 ], 
            "faces": {
                "north": { "texture": "#0", "uv": [ 5.0, 13.0, 7.0, 12.4 ] },
                "east": { "texture": "#0", "uv": [ 5.0, 12.0, 6.0, 12.7 ] },
                "south": { "texture": "#0", "uv": [ 5.0, 12.3, 7.0, 13.0 ] },
                "west": { "texture": "#0", "uv": [ 4.0, 6.0, 4.5, 7.0 ] },
                "up": { "texture": "#0", "uv": [ 5.0, 12.3, 7.0, 13.0 ] },
                "down": { "texture": "#0", "uv": [ 5.0, 12.3, 7.0, 13.0 ] }
            }
        },
        {
            "name": "Cube4",
            "from": [ 0.0, 6.0, 7.0 ], 
            "to": [ 3.0, 7.0, 10.0 ], 
            "faces": {
                "north": { "texture": "#0", "uv": [ 3.0, 5.5, 6.0, 6.0 ] },
                "east": { "texture": "#0", "uv": [ 2.0, 1.0, 5.0, 1.5 ] },
                "south": { "texture": "#0", "uv": [ 3.0, 1.0, 6.0, 1.5 ] },
                "west": { "texture": "#0", "uv": [ 3.0, 1.0, 6.0, 1.5 ] },
                "up": { "texture": "#0", "uv": [ 2.0, 1.0, 6.5, 6.0 ] },
                "down": { "texture": "#0", "uv": [ 4.0, 7.0, 4.5, 8.0 ] }
            }
        },
        {
            "name": "Cube5",
            "from": [ 0.0, 7.0, 6.0 ], 
            "to": [ 3.0, 8.0, 7.0 ], 
            "faces": {
                "north": { "texture": "#0", "uv": [ 1.5, 1.0, 7.0, 1.5 ] },
                "east": { "texture": "#0", "uv": [ 4.0, 6.0, 4.5, 7.0 ] },
                "south": { "texture": "#0", "uv": [ 2.0, 5.5, 5.0, 6.0 ] },
                "west": { "texture": "#0", "uv": [ 4.0, 6.0, 4.5, 7.0 ] },
                "up": { "texture": "#0", "uv": [ 1.5, 5.5, 7.0, 6.0 ] },
                "down": { "texture": "#0", "uv": [ 1.5, 1.0, 7.0, 1.5 ] }
            }
        },
        {
            "name": "Cube10",
            "from": [ 10.0, 0.0, 6.5 ], 
            "to": [ 14.0, 4.0, 10.5 ], 
            "faces": {
                "north": { "texture": "#0", "uv": [ 10.3, 5.6, 14.2, 9.5 ] },
                "east": { "texture": "#0", "uv": [ 6.0, 7.0, 10.0, 10.0 ] },
                "south": { "texture": "#0", "uv": [ 10.3, 5.5, 14.2, 9.5 ] },
                "west": { "texture": "#0", "uv": [ 6.0, 7.0, 10.0, 10.0 ] },
                "up": { "texture": "#0", "uv": [ 6.0, 7.0, 10.0, 10.0 ] },
                "down": { "texture": "#0", "uv": [ 6.0, 7.0, 10.0, 10.0 ] }
            }
        },
        {
            "name": "Cube11",
            "from": [ 14.0, 1.5, 8.0 ], 
            "to": [ 16.0, 2.5, 9.0 ], 
            "faces": {
                "north": { "texture": "#0", "uv": [ 13.0, 12.3, 14.0, 13.0 ] },
                "east": { "texture": "#0", "uv": [ 13.0, 12.3, 14.0, 13.0 ] },
                "south": { "texture": "#0", "uv": [ 13.0, 12.3, 14.0, 13.0 ] },
                "west": { "texture": "#0", "uv": [ 4.0, 7.0, 4.5, 8.0 ] },
                "up": { "texture": "#0", "uv": [ 13.0, 12.3, 14.0, 13.0 ] },
                "down": { "texture": "#0", "uv": [ 13.0, 12.3, 14.0, 13.0 ] }
            }
        },
        {
            "name": "Cube6",
            "from": [ 0.0, 7.0, 10.0 ], 
            "to": [ 3.0, 8.0, 11.0 ], 
            "faces": {
                "north": { "texture": "#0", "uv": [ 1.5, 1.0, 7.0, 1.5 ] },
                "east": { "texture": "#0", "uv": [ 4.0, 6.0, 4.5, 7.0 ] },
                "south": { "texture": "#0", "uv": [ 2.0, 5.5, 5.0, 6.0 ] },
                "west": { "texture": "#0", "uv": [ 4.0, 6.0, 4.5, 7.0 ] },
                "up": { "texture": "#0", "uv": [ 1.5, 5.5, 7.0, 6.0 ] },
                "down": { "texture": "#0", "uv": [ 1.5, 1.0, 7.0, 1.5 ] }
            }
        },
        {
            "name": "Cube7",
            "from": [ 3.0, 7.0, 7.0 ], 
            "to": [ 4.0, 8.0, 10.0 ], 
            "faces": {
                "north": { "texture": "#0", "uv": [ 1.5, 1.0, 7.0, 1.5 ] },
                "east": { "texture": "#0", "uv": [ 4.0, 6.0, 4.5, 7.0 ] },
                "south": { "texture": "#0", "uv": [ 2.0, 5.5, 5.0, 6.0 ] },
                "west": { "texture": "#0", "uv": [ 4.0, 6.0, 4.5, 7.0 ] },
                "up": { "texture": "#0", "uv": [ 1.5, 5.5, 7.0, 6.0 ], "rotation": 90 },
                "down": { "texture": "#0", "uv": [ 1.5, 1.0, 7.0, 1.5 ], "rotation": 270 }
            }
        },
        {
            "name": "Cube8",
            "from": [ -1.0, 7.0, 7.0 ], 
            "to": [ 0.0, 8.0, 10.0 ], 
            "faces": {
                "north": { "texture": "#0", "uv": [ 1.5, 1.0, 7.0, 1.5 ] },
                "east": { "texture": "#0", "uv": [ 4.0, 6.0, 4.5, 7.0 ] },
                "south": { "texture": "#0", "uv": [ 2.0, 5.5, 5.0, 6.0 ] },
                "west": { "texture": "#0", "uv": [ 4.0, 6.0, 4.5, 7.0 ] },
                "up": { "texture": "#0", "uv": [ 1.5, 5.5, 7.0, 6.0 ], "rotation": 90 },
                "down": { "texture": "#0", "uv": [ 1.5, 1.0, 7.0, 1.5 ], "rotation": 90 }
            }
        },
        {
            "name": "Cube9",
            "from": [ 8.0, 1.5, 8.0 ], 
            "to": [ 10.0, 2.5, 9.0 ], 
            "faces": {
                "north": { "texture": "#0", "uv": [ 13.0, 12.3, 14.0, 13.0 ] },
                "east": { "texture": "#0", "uv": [ 13.0, 12.3, 14.0, 13.0 ] },
                "south": { "texture": "#0", "uv": [ 13.0, 12.3, 14.0, 13.0 ] },
                "west": { "texture": "#0", "uv": [ 4.0, 7.0, 4.5, 8.0 ] },
                "up": { "texture": "#0", "uv": [ 13.0, 12.3, 14.0, 13.0 ] },
                "down": { "texture": "#0", "uv": [ 13.0, 12.3, 14.0, 13.0 ] }
            }
        }
    ]
}