{
    "textures": {
        "0": "gemmary:blocks/quartz_crystal"
    },
    "elements": [
        {
            "name": "16",
            "from": [ 0.0, 0.0, 0.0 ], 
            "to": [ 16.0, 0.4999999925494194, 16.0 ], 
            "faces": {
                "north": { "texture": "#0", "uv": [ 0.0, 0.0, 16.0, 0.4999999925494194 ] },
                "east": { "texture": "#0", "uv": [ 0.0, 0.0, 16.0, 0.4999999925494194 ] },
                "south": { "texture": "#0", "uv": [ 0.0, 0.0, 16.0, 0.4999999925494194 ] },
                "west": { "texture": "#0", "uv": [ 0.0, 0.0, 16.0, 0.4999999925494194 ] },
                "up": { "texture": "#0", "uv": [ 0.0, 0.0, 16.0, 16.0 ] },
                "down": { "texture": "#0", "uv": [ 0.0, 0.0, 16.0, 16.0 ] }
            }
        },
        {
            "name": "15",
            "from": [ 0.5, 0.4999999925494194, 0.5 ], 
            "to": [ 15.5, 0.9999999850988388, 15.5 ], 
            "faces": {
                "north": { "texture": "#0", "uv": [ 0.0, 0.0, 15.0, 0.4999999925494194 ] },
                "east": { "texture": "#0", "uv": [ 0.0, 0.0, 15.0, 0.4999999925494194 ] },
                "south": { "texture": "#0", "uv": [ 0.0, 0.0, 15.0, 0.4999999925494194 ] },
                "west": { "texture": "#0", "uv": [ 0.0, 0.0, 15.0, 0.4999999925494194 ] },
                "up": { "texture": "#0", "uv": [ 0.0, 0.0, 15.0, 15.0 ] },
                "down": { "texture": "#0", "uv": [ 0.0, 0.0, 15.0, 15.0 ] }
            }
        },
        {
            "name": "14",
            "from": [ 1.0000000074505806, 1.0, 1.0000000074505806 ], 
            "to": [ 15.00000000745058, 1.4999999925494194, 15.00000000745058 ], 
            "faces": {
                "north": { "texture": "#0", "uv": [ 0.0, 0.0, 14.0, 0.4999999925494194 ] },
                "east": { "texture": "#0", "uv": [ 0.0, 0.0, 14.0, 0.4999999925494194 ] },
                "south": { "texture": "#0", "uv": [ 0.0, 0.0, 14.0, 0.4999999925494194 ] },
                "west": { "texture": "#0", "uv": [ 0.0, 0.0, 14.0, 0.4999999925494194 ] },
                "up": { "texture": "#0", "uv": [ 0.0, 0.0, 14.0, 14.0 ] },
                "down": { "texture": "#0", "uv": [ 0.0, 0.0, 14.0, 14.0 ] }
            }
        },
        {
            "name": "13",
            "from": [ 1.5, 1.4999999925494194, 1.5 ], 
            "to": [ 14.5, 1.9999999850988388, 14.5 ], 
            "faces": {
                "north": { "texture": "#0", "uv": [ 0.0, 0.0, 13.0, 0.4999999925494194 ] },
                "east": { "texture": "#0", "uv": [ 0.0, 0.0, 13.0, 0.4999999925494194 ] },
                "south": { "texture": "#0", "uv": [ 0.0, 0.0, 13.0, 0.4999999925494194 ] },
                "west": { "texture": "#0", "uv": [ 0.0, 0.0, 13.0, 0.4999999925494194 ] },
                "up": { "texture": "#0", "uv": [ 0.0, 0.0, 13.0, 13.0 ] },
                "down": { "texture": "#0", "uv": [ 0.0, 0.0, 13.0, 13.0 ] }
            }
        },
        {
            "name": "12",
            "from": [ 2.0000000074505806, 2.0, 2.0000000074505806 ], 
            "to": [ 14.00000000745058, 2.4999999925494194, 14.00000000745058 ], 
            "faces": {
                "north": { "texture": "#0", "uv": [ 0.0, 0.0, 12.0, 0.4999999925494194 ] },
                "east": { "texture": "#0", "uv": [ 0.0, 0.0, 12.0, 0.4999999925494194 ] },
                "south": { "texture": "#0", "uv": [ 0.0, 0.0, 12.0, 0.4999999925494194 ] },
                "west": { "texture": "#0", "uv": [ 0.0, 0.0, 12.0, 0.4999999925494194 ] },
                "up": { "texture": "#0", "uv": [ 0.0, 0.0, 12.0, 12.0 ] },
                "down": { "texture": "#0", "uv": [ 0.0, 0.0, 12.0, 12.0 ] }
            }
        },
        {
            "name": "11",
            "from": [ 2.500000014901161, 2.5000000074505806, 2.500000014901161 ], 
            "to": [ 13.500000014901161, 3.0, 13.500000014901161 ], 
            "faces": {
                "north": { "texture": "#0", "uv": [ 0.0, 0.0, 11.0, 0.4999999925494194 ] },
                "east": { "texture": "#0", "uv": [ 0.0, 0.0, 11.0, 0.4999999925494194 ] },
                "south": { "texture": "#0", "uv": [ 0.0, 0.0, 11.0, 0.4999999925494194 ] },
                "west": { "texture": "#0", "uv": [ 0.0, 0.0, 11.0, 0.4999999925494194 ] },
                "up": { "texture": "#0", "uv": [ 0.0, 0.0, 11.0, 11.0 ] },
                "down": { "texture": "#0", "uv": [ 0.0, 0.0, 11.0, 11.0 ] }
            }
        },
        {
            "name": "10",
            "from": [ 3.000000022351742, 3.000000014901161, 3.000000022351742 ], 
            "to": [ 13.000000022351742, 3.5000000074505806, 13.000000022351742 ], 
            "faces": {
                "north": { "texture": "#0", "uv": [ 0.0, 0.0, 10.0, 0.4999999925494194 ] },
                "east": { "texture": "#0", "uv": [ 0.0, 0.0, 10.0, 0.4999999925494194 ] },
                "south": { "texture": "#0", "uv": [ 0.0, 0.0, 10.0, 0.4999999925494194 ] },
                "west": { "texture": "#0", "uv": [ 0.0, 0.0, 10.0, 0.4999999925494194 ] },
                "up": { "texture": "#0", "uv": [ 0.0, 0.0, 10.0, 10.0 ] },
                "down": { "texture": "#0", "uv": [ 0.0, 0.0, 10.0, 10.0 ] }
            }
        },
        {
            "name": "9",
            "from": [ 3.5000000298023224, 3.500000022351742, 3.5000000298023224 ], 
            "to": [ 12.500000029802322, 4.000000014901161, 12.500000029802322 ], 
            "faces": {
                "north": { "texture": "#0", "uv": [ 0.0, 0.0, 9.0, 0.4999999925494194 ] },
                "east": { "texture": "#0", "uv": [ 0.0, 0.0, 9.0, 0.4999999925494194 ] },
                "south": { "texture": "#0", "uv": [ 0.0, 0.0, 9.0, 0.4999999925494194 ] },
                "west": { "texture": "#0", "uv": [ 0.0, 0.0, 9.0, 0.4999999925494194 ] },
                "up": { "texture": "#0", "uv": [ 0.0, 0.0, 9.0, 9.0 ] },
                "down": { "texture": "#0", "uv": [ 0.0, 0.0, 9.0, 9.0 ] }
            }
        },
        {
            "name": "8",
            "from": [ 4.000000037252903, 4.000000029802322, 4.000000037252903 ], 
            "to": [ 12.000000037252903, 4.500000022351742, 12.000000037252903 ], 
            "faces": {
                "north": { "texture": "#0", "uv": [ 0.0, 0.0, 8.0, 0.4999999925494194 ] },
                "east": { "texture": "#0", "uv": [ 0.0, 0.0, 8.0, 0.4999999925494194 ] },
                "south": { "texture": "#0", "uv": [ 0.0, 0.0, 8.0, 0.4999999925494194 ] },
                "west": { "texture": "#0", "uv": [ 0.0, 0.0, 8.0, 0.4999999925494194 ] },
                "up": { "texture": "#0", "uv": [ 0.0, 0.0, 8.0, 8.0 ] },
                "down": { "texture": "#0", "uv": [ 0.0, 0.0, 8.0, 8.0 ] }
            }
        },
        {
            "name": "7",
            "from": [ 4.500000044703484, 4.500000037252903, 4.500000029802322 ], 
            "to": [ 11.500000044703484, 5.000000029802322, 11.500000029802322 ], 
            "faces": {
                "north": { "texture": "#0", "uv": [ 0.0, 0.0, 7.0, 0.4999999925494194 ] },
                "east": { "texture": "#0", "uv": [ 0.0, 0.0, 7.0, 0.4999999925494194 ] },
                "south": { "texture": "#0", "uv": [ 0.0, 0.0, 7.0, 0.4999999925494194 ] },
                "west": { "texture": "#0", "uv": [ 0.0, 0.0, 7.0, 0.4999999925494194 ] },
                "up": { "texture": "#0", "uv": [ 0.0, 0.0, 7.0, 7.0 ] },
                "down": { "texture": "#0", "uv": [ 0.0, 0.0, 7.0, 7.0 ] }
            }
        },
        {
            "name": "6",
            "from": [ 5.000000052154064, 5.000000044703484, 5.000000037252903 ], 
            "to": [ 11.000000052154064, 5.500000037252903, 11.000000037252903 ], 
            "faces": {
                "north": { "texture": "#0", "uv": [ 0.0, 0.0, 6.0, 0.4999999925494194 ] },
                "east": { "texture": "#0", "uv": [ 0.0, 0.0, 6.0, 0.4999999925494194 ] },
                "south": { "texture": "#0", "uv": [ 0.0, 0.0, 6.0, 0.4999999925494194 ] },
                "west": { "texture": "#0", "uv": [ 0.0, 0.0, 6.0, 0.4999999925494194 ] },
                "up": { "texture": "#0", "uv": [ 0.0, 0.0, 6.0, 6.0 ] },
                "down": { "texture": "#0", "uv": [ 0.0, 0.0, 6.0, 6.0 ] }
            }
        },
        {
            "name": "5",
            "from": [ 5.500000059604645, 5.500000037252903, 5.4999999985098835 ], 
            "to": [ 10.500000059604645, 6.000000029802322, 10.499999998509884 ], 
            "faces": {
                "north": { "texture": "#0", "uv": [ 0.0, 0.0, 5.0, 0.4999999925494194 ] },
                "east": { "texture": "#0", "uv": [ 0.0, 0.0, 5.0, 0.4999999925494194 ] },
                "south": { "texture": "#0", "uv": [ 0.0, 0.0, 5.0, 0.4999999925494194 ] },
                "west": { "texture": "#0", "uv": [ 0.0, 0.0, 5.0, 0.4999999925494194 ] },
                "up": { "texture": "#0", "uv": [ 0.0, 0.0, 5.0, 5.0 ] },
                "down": { "texture": "#0", "uv": [ 0.0, 0.0, 5.0, 5.0 ] }
            }
        },
        {
            "name": "4",
            "from": [ 6.000000067055225, 6.000000044703484, 6.000000005960464 ], 
            "to": [ 10.000000067055225, 6.500000037252903, 10.000000005960464 ], 
            "faces": {
                "north": { "texture": "#0", "uv": [ 0.0, 0.0, 4.0, 0.4999999925494194 ] },
                "east": { "texture": "#0", "uv": [ 0.0, 0.0, 4.0, 0.4999999925494194 ] },
                "south": { "texture": "#0", "uv": [ 0.0, 0.0, 4.0, 0.4999999925494194 ] },
                "west": { "texture": "#0", "uv": [ 0.0, 0.0, 4.0, 0.4999999925494194 ] },
                "up": { "texture": "#0", "uv": [ 0.0, 0.0, 4.0, 4.0 ] },
                "down": { "texture": "#0", "uv": [ 0.0, 0.0, 4.0, 4.0 ] }
            }
        },
        {
            "name": "3",
            "from": [ 6.500000074505806, 6.500000052154064, 6.500000013411045 ], 
            "to": [ 9.500000074505806, 7.000000044703484, 9.500000013411045 ], 
            "faces": {
                "north": { "texture": "#0", "uv": [ 0.0, 0.0, 3.0, 0.4999999925494194 ] },
                "east": { "texture": "#0", "uv": [ 0.0, 0.0, 3.0, 0.4999999925494194 ] },
                "south": { "texture": "#0", "uv": [ 0.0, 0.0, 3.0, 0.4999999925494194 ] },
                "west": { "texture": "#0", "uv": [ 0.0, 0.0, 3.0, 0.4999999925494194 ] },
                "up": { "texture": "#0", "uv": [ 0.0, 0.0, 3.0, 3.0 ] },
                "down": { "texture": "#0", "uv": [ 0.0, 0.0, 3.0, 3.0 ] }
            }
        },
        {
            "name": "2",
            "from": [ 7.000000081956387, 7.000000059604645, 7.000000020861625 ], 
            "to": [ 9.000000081956387, 7.500000052154064, 9.000000020861625 ], 
            "faces": {
                "north": { "texture": "#0", "uv": [ 0.0, 0.0, 2.0, 0.4999999925494194 ] },
                "east": { "texture": "#0", "uv": [ 0.0, 0.0, 2.0, 0.4999999925494194 ] },
                "south": { "texture": "#0", "uv": [ 0.0, 0.0, 2.0, 0.4999999925494194 ] },
                "west": { "texture": "#0", "uv": [ 0.0, 0.0, 2.0, 0.4999999925494194 ] },
                "up": { "texture": "#0", "uv": [ 0.0, 0.0, 2.0, 2.0 ] },
                "down": { "texture": "#0", "uv": [ 0.0, 0.0, 2.0, 2.0 ] }
            }
        },
        {
            "name": "1",
            "from": [ 7.500000089406967, 7.500000067055225, 7.500000028312206 ], 
            "to": [ 8.500000089406967, 8.000000059604645, 8.500000028312206 ], 
            "faces": {
                "north": { "texture": "#0", "uv": [ 0.0, 0.0, 1.0, 0.4999999925494194 ] },
                "east": { "texture": "#0", "uv": [ 0.0, 0.0, 1.0, 0.4999999925494194 ] },
                "south": { "texture": "#0", "uv": [ 0.0, 0.0, 1.0, 0.4999999925494194 ] },
                "west": { "texture": "#0", "uv": [ 0.0, 0.0, 1.0, 0.4999999925494194 ] },
                "up": { "texture": "#0", "uv": [ 0.0, 0.0, 1.0, 1.0 ] },
                "down": { "texture": "#0", "uv": [ 0.0, 0.0, 1.0, 1.0 ] }
            }
        }
    ]
}