{
    "__comment": "Model generated by SirBlobman",
    "textures": 
    {
        "0": "gemmary:items/Recipe_Book/Red",
        "1": "gemmary:items/Recipe_Book/White",
        "2": "gemmary:items/Recipe_Book/Gemmary"
    },
    "elements": 
    [
        {
            "name": "Book Ribbon",
            "from": [ 0.0, 0.0, 0.0 ], 
            "to": [ 1.0, 4.0, 16.0 ], 
            "faces": 
            {
                "north": { "texture": "#0", "uv": [ 0.0, 0.0, 1.0, 4.0 ] },
                "east": { "texture": "#0", "uv": [ 0.0, 0.0, 16.0, 4.0 ] },
                "south": { "texture": "#0", "uv": [ 0.0, 0.0, 1.0, 4.0 ] },
                "west": { "texture": "#0", "uv": [ 0.0, 0.0, 16.0, 4.0 ] },
                "up": { "texture": "#0", "uv": [ 0.0, 0.0, 1.0, 16.0 ] },
                "down": { "texture": "#0", "uv": [ 0.0, 0.0, 1.0, 16.0 ] }
            }
        },
        {
            "name": "Back Cover",
            "from": [ 1.0, 0.0, 0.0 ], 
            "to": [ 12.0, 0.4999999925494194, 16.0 ], 
            "faces": 
            {
                "north": { "texture": "#0", "uv": [ 0.0, 0.0, 11.0, 0.4999999925494194 ] },
                "east": { "texture": "#0", "uv": [ 0.0, 0.0, 16.0, 0.4999999925494194 ] },
                "south": { "texture": "#0", "uv": [ 0.0, 0.0, 11.0, 0.4999999925494194 ] },
                "west": { "texture": "#0", "uv": [ 0.0, 0.0, 16.0, 0.4999999925494194 ] },
                "up": { "texture": "#0", "uv": [ 0.0, 0.0, 11.0, 16.0 ] },
                "down": { "texture": "#0", "uv": [ 0.0, 0.0, 11.0, 16.0 ] }
            }
        },
        {
            "name": "Cover",
            "from": [ 1.0, 3.4999999925494194, 0.0 ], 
            "to": [ 12.0, 3.999999985098839, 16.0 ], 
            "faces": 
            {
                "north": { "texture": "#0", "uv": [ 0.0, 0.0, 11.0, 0.4999999925494194 ] },
                "east": { "texture": "#0", "uv": [ 0.0, 0.0, 16.0, 0.4999999925494194 ] },
                "south": { "texture": "#0", "uv": [ 0.0, 0.0, 11.0, 0.4999999925494194 ] },
                "west": { "texture": "#0", "uv": [ 0.0, 0.0, 16.0, 0.4999999925494194 ] },
                "up": { "texture": "#0", "uv": [ 0.0, 0.0, 11.0, 16.0 ] },
                "down": { "texture": "#0", "uv": [ 0.0, 0.0, 11.0, 16.0 ] }
            }
        },
        {
            "name": "Pages",
            "from": [ 1.0, 0.4999999925494194, 0.7999999970197678 ], 
            "to": [ 11.0, 3.4999999925494194, 15.299999989569187 ], 
            "faces": {
                "north": { "texture": "#1", "uv": [ 0.0, 0.0, 10.0, 3.0 ] },
                "east": { "texture": "#1", "uv": [ 0.0, 0.0, 14.49999999254942, 3.0 ] },
                "south": { "texture": "#1", "uv": [ 0.0, 0.0, 10.0, 3.0 ] },
                "west": { "texture": "#1", "uv": [ 0.0, 0.0, 14.49999999254942, 3.0 ] },
                "up": { "texture": "#1", "uv": [ 0.0, 0.0, 10.0, 14.49999999254942 ] },
                "down": { "texture": "#1", "uv": [ 0.0, 0.0, 10.0, 14.49999999254942 ] }
            }
        },
        {
            "name": "Title",
            "from": [ 0.0, 4.0, 0.0 ], 
            "to": [ 12.0, 4.099999986588955, 16.0 ], 
            "faces": {
                "north": { "texture": "#0", "uv": [ 0.0, 0.0, 12.0, 0.09999998658895493 ] },
                "east": { "texture": "#0", "uv": [ 0.0, 0.0, 16.0, 0.09999998658895493 ] },
                "south": { "texture": "#0", "uv": [ 0.0, 0.0, 12.0, 0.09999998658895493 ] },
                "west": { "texture": "#0", "uv": [ 0.0, 0.0, 16.0, 0.09999998658895493 ] },
                "up": { "texture": "#2", "uv": [ 0.0, 2.0, 15.0, 16.0 ] },
                "down": { "texture": "#0", "uv": [ 0.0, 0.0, 12.0, 16.0 ] }
            }
        }
    ],
    "display": {
    "thirdperson": {
        "rotation": [ 170, 180, 2 ],
        "translation": [ -2.50, 0.00, -4.00 ],
        "scale": [ 1.00, 1.00, 1.00 ]
    },
    "firstperson": {
        "rotation": [ 64, 304, 0 ],
        "translation": [ 6.75, 0.25, -4.25 ],
        "scale": [ 2.00, 2.00, 2.00 ]
    },
    "gui": {
        "rotation": [ 52, 136, 34 ],
        "translation": [ -1.75, -1.00, 3.25 ],
        "scale": [ 1.25, 1.25, 1.25 ]
    },
    "head": {
        "rotation": [ 0, 0, 0 ],
        "translation": [ 0.00, 0.00, 0.00 ],
        "scale": [ 1.00, 1.00, 1.00 ]
    },
    "fixed": {
        "rotation": [ 90, 180, 0 ],
        "translation": [ -2.00, 0.50, -8.25 ],
        "scale": [ 2.00, 2.00, 2.00 ]
    },
    "ground": {
        "rotation": [ 0, 0, 0 ],
        "translation": [ 0.00, 0.00, 0.00 ],
        "scale": [ 2.00, 2.00, 2.00 ]
    }
}
}